{
  "$schema": "https://developer.microsoft.com/json-schemas/spfx-build/package-solution.schema.json",
  "solution": {
    "name": "mgt-demo-client-side-solution",
    "id": "b0ed193e-b333-4796-b249-e34916ef7a85",
    "version": "1.3.0.0",
    "includeClientSideAssets": true,
    "skipFeatureDeployment": true,
    "isDomainIsolated": false,
    "developer": {
      "name": "Contoso",
      "privacyUrl": "https://contoso.com/privacy",
      "termsOfUseUrl": "https://contoso.com/terms-of-use",
      "websiteUrl": "https://contoso.com/my-app",
      "mpnId": "000000"
    },
    "webApiPermissionRequests": [
      {
        "resource": "Microsoft Graph",
        "scope": "User.Read"
      },
      {
        "resource": "Microsoft Graph",
        "scope": "User.Read.All"
      },
      {
        "resource": "Microsoft Graph",
        "scope": "User.ReadBasic.All"
      },
      {
        "resource": "Microsoft Graph",
        "scope": "People.Read"
      },
      {
        "resource": "Microsoft Graph",
        "scope": "Calendars.Read"
      },
      {
        "resource": "Microsoft Graph",
        "scope": "Contacts.Read"
      },
      {
        "resource": "Microsoft Graph",
        "scope": "Group.Read.All"
      },
      {
        "resource": "Microsoft Graph",
        "scope": "Group.ReadWrite.All"
      },
      {
        "resource": "Microsoft Graph",
        "scope": "Tasks.Read"
      },
      {
        "resource": "Microsoft Graph",
        "scope": "Tasks.ReadWrite"
      },
      {
        "resource": "Microsoft Graph",
        "scope": "Presence.Read"
      },
      {
        "resource": "Microsoft Graph",
        "scope": "Presence.Read.All"
      }
    ]
  },
  "paths": {
    "zippedPackage": "solution/mgt-demo.sppkg"
  }
}
